{
    "0.02_APX": [
        [
            1376.0,
            6.88
        ],
        [
            1287.0,
            7.07
        ],
        [
            1213.0,
            7.26
        ],
        [
            1131.0,
            7.49
        ],
        [
            1065.0,
            7.71
        ],
        [
            1013.0,
            7.94
        ],
        [
            985.0,
            8.18
        ],
        [
            958.0,
            8.43
        ],
        [
            931.0,
            8.76
        ],
        [
            907.0,
            9.08
        ],
        [
            882.88,
            9.42
        ]
    ],
    "0.02_APX2": [
        [
            1376.0,
            6.88
        ],
        [
            1349.02,
            6.93
        ],
        [
            1287.0,
            7.07
        ],
        [
            1261.76,
            7.12
        ],
        [
            1213.0,
            7.26
        ],
        [
            1189.22,
            7.34
        ],
        [
            1131.0,
            7.49
        ],
        [
            1108.82,
            7.56
        ],
        [
            1065.0,
            7.71
        ],
        [
            1044.12,
            7.78
        ],
        [
            1013.0,
            7.94
        ],
        [
            993.14,
            8.02
        ],
        [
            985.0,
            8.18
        ],
        [
            965.69,
            8.26
        ],
        [
            958.0,
            8.43
        ],
        [
            939.22,
            8.6
        ],
        [
            931.0,
            8.76
        ],
        [
            912.75,
            8.91
        ],
        [
            907.0,
            9.08
        ],
        [
            889.22,
            9.24
        ],
        [
            882.88,
            9.42
        ]
    ],
    "0.02_APX_time": 3492.466638803482,
    "0.02_APX_gap": 0.004765879460571233,
    "0.03_APX": [
        [
            1328.0,
            6.95
        ],
        [
            1200.0,
            7.27
        ],
        [
            1099.0,
            7.59
        ],
        [
            1018.0,
            7.91
        ],
        [
            968.0,
            8.3
        ],
        [
            923.94,
            8.86
        ],
        [
            883.0,
            9.41
        ]
    ],
    "0.03_APX2": [
        [
            1328.0,
            6.95
        ],
        [
            1289.32,
            7.06
        ],
        [
            1200.0,
            7.27
        ],
        [
            1165.05,
            7.37
        ],
        [
            1099.0,
            7.59
        ],
        [
            1066.99,
            7.68
        ],
        [
            1018.0,
            7.91
        ],
        [
            988.35,
            8.06
        ],
        [
            968.0,
            8.3
        ],
        [
            939.81,
            8.6
        ],
        [
            923.94,
            8.86
        ],
        [
            897.03,
            9.14
        ],
        [
            883.0,
            9.41
        ]
    ],
    "0.03_APX_time": 2283.6819818019867,
    "0.03_APX_gap": 0.005255346627825271
}