{
    "0.02_APX": [
        [
            1367.0,
            5.9
        ],
        [
            1274.0,
            6.07
        ],
        [
            1190.0,
            6.23
        ],
        [
            1113.0,
            6.42
        ],
        [
            1043.0,
            6.6
        ],
        [
            980.0,
            6.76
        ],
        [
            941.06,
            6.97
        ],
        [
            908.0,
            7.23
        ],
        [
            880.0,
            7.53
        ],
        [
            858.0,
            7.81
        ],
        [
            836.0,
            8.12
        ]
    ],
    "0.02_APX2": [
        [
            1367.0,
            5.9
        ],
        [
            1340.2,
            5.95
        ],
        [
            1274.0,
            6.07
        ],
        [
            1249.02,
            6.11
        ],
        [
            1190.0,
            6.23
        ],
        [
            1166.67,
            6.29
        ],
        [
            1113.0,
            6.42
        ],
        [
            1091.18,
            6.47
        ],
        [
            1043.0,
            6.6
        ],
        [
            1022.55,
            6.65
        ],
        [
            980.0,
            6.76
        ],
        [
            960.78,
            6.83
        ],
        [
            941.06,
            6.97
        ],
        [
            922.61,
            7.09
        ],
        [
            908.0,
            7.23
        ],
        [
            890.2,
            7.38
        ],
        [
            880.0,
            7.53
        ],
        [
            862.75,
            7.66
        ],
        [
            858.0,
            7.81
        ],
        [
            841.18,
            7.96
        ],
        [
            836.0,
            8.12
        ]
    ],
    "0.02_APX_time": 4669.775385379791,
    "0.02_APX_gap": 0.006275784958672083,
    "0.03_APX": [
        [
            1335.0,
            5.95
        ],
        [
            1202.0,
            6.21
        ],
        [
            1084.0,
            6.49
        ],
        [
            980.0,
            6.78
        ],
        [
            920.79,
            7.13
        ],
        [
            872.74,
            7.61
        ],
        [
            830.0,
            8.18
        ]
    ],
    "0.03_APX2": [
        [
            1335.0,
            5.95
        ],
        [
            1296.12,
            6.03
        ],
        [
            1202.0,
            6.21
        ],
        [
            1164.33,
            6.3
        ],
        [
            1084.0,
            6.49
        ],
        [
            1052.43,
            6.58
        ],
        [
            980.0,
            6.78
        ],
        [
            946.6,
            6.92
        ],
        [
            920.79,
            7.13
        ],
        [
            885.57,
            7.39
        ],
        [
            872.74,
            7.61
        ],
        [
            838.13,
            7.95
        ],
        [
            830.0,
            8.18
        ]
    ],
    "0.03_APX_time": 2830.989893436432,
    "0.03_APX_gap": 0.00700451356724672,
    "EI_0.02_APX": 0.021432775873411636,
    "EI_0.03_APX": 0.030088985838440552,
    "EI_0.02_APX2": 0.021432775873411636,
    "EI_0.03_APX2": 0.030088985838440552
}