{
    "0.02_APX": [
        [
            6.88,
            1376.0
        ],
        [
            7.07,
            1287.0
        ],
        [
            7.26,
            1213.0
        ],
        [
            7.49,
            1131.0
        ],
        [
            7.71,
            1065.0
        ],
        [
            7.94,
            1013.0
        ],
        [
            8.18,
            985.0
        ],
        [
            8.43,
            958.0
        ],
        [
            8.76,
            931.0
        ],
        [
            9.08,
            907.0
        ],
        [
            9.42,
            882.88
        ]
    ],
    "0.02_APX2": [
        [
            6.88,
            1376.0
        ],
        [
            6.93,
            1349.02
        ],
        [
            7.07,
            1287.0
        ],
        [
            7.12,
            1261.76
        ],
        [
            7.26,
            1213.0
        ],
        [
            7.34,
            1189.22
        ],
        [
            7.49,
            1131.0
        ],
        [
            7.56,
            1108.82
        ],
        [
            7.71,
            1065.0
        ],
        [
            7.78,
            1044.12
        ],
        [
            7.94,
            1013.0
        ],
        [
            8.02,
            993.14
        ],
        [
            8.18,
            985.0
        ],
        [
            8.26,
            965.69
        ],
        [
            8.43,
            958.0
        ],
        [
            8.6,
            939.22
        ],
        [
            8.76,
            931.0
        ],
        [
            8.91,
            912.75
        ],
        [
            9.08,
            907.0
        ],
        [
            9.24,
            889.22
        ],
        [
            9.42,
            882.88
        ]
    ],
    "0.02_APX_time": 3492.466638803482,
    "0.02_APX_gap": 0.004765879460571233,
    "0.03_APX": [
        [
            6.95,
            1328.0
        ],
        [
            7.27,
            1200.0
        ],
        [
            7.59,
            1099.0
        ],
        [
            7.91,
            1018.0
        ],
        [
            8.3,
            968.0
        ],
        [
            8.86,
            923.94
        ],
        [
            9.41,
            883.0
        ]
    ],
    "0.03_APX2": [
        [
            6.95,
            1328.0
        ],
        [
            7.06,
            1289.32
        ],
        [
            7.27,
            1200.0
        ],
        [
            7.37,
            1165.05
        ],
        [
            7.59,
            1099.0
        ],
        [
            7.68,
            1066.99
        ],
        [
            7.91,
            1018.0
        ],
        [
            8.06,
            988.35
        ],
        [
            8.3,
            968.0
        ],
        [
            8.6,
            939.81
        ],
        [
            8.86,
            923.94
        ],
        [
            9.14,
            897.03
        ],
        [
            9.41,
            883.0
        ]
    ],
    "0.03_APX_time": 2283.6819818019867,
    "0.03_APX_gap": 0.005255346627825271
}