{
    "0.02_APX": [
        [
            5.9,
            1367.0
        ],
        [
            6.07,
            1274.0
        ],
        [
            6.23,
            1190.0
        ],
        [
            6.42,
            1113.0
        ],
        [
            6.6,
            1043.0
        ],
        [
            6.76,
            980.0
        ],
        [
            6.97,
            941.06
        ],
        [
            7.23,
            908.0
        ],
        [
            7.53,
            880.0
        ],
        [
            7.81,
            858.0
        ],
        [
            8.12,
            836.0
        ]
    ],
    "0.02_APX2": [
        [
            5.9,
            1367.0
        ],
        [
            5.95,
            1340.2
        ],
        [
            6.07,
            1274.0
        ],
        [
            6.11,
            1249.02
        ],
        [
            6.23,
            1190.0
        ],
        [
            6.29,
            1166.67
        ],
        [
            6.42,
            1113.0
        ],
        [
            6.47,
            1091.18
        ],
        [
            6.6,
            1043.0
        ],
        [
            6.65,
            1022.55
        ],
        [
            6.76,
            980.0
        ],
        [
            6.83,
            960.78
        ],
        [
            6.97,
            941.06
        ],
        [
            7.09,
            922.61
        ],
        [
            7.23,
            908.0
        ],
        [
            7.38,
            890.2
        ],
        [
            7.53,
            880.0
        ],
        [
            7.66,
            862.75
        ],
        [
            7.81,
            858.0
        ],
        [
            7.96,
            841.18
        ],
        [
            8.12,
            836.0
        ]
    ],
    "0.02_APX_time": 4669.775385379791,
    "0.02_APX_gap": 0.006275784958672083,
    "0.03_APX": [
        [
            5.95,
            1335.0
        ],
        [
            6.21,
            1202.0
        ],
        [
            6.49,
            1084.0
        ],
        [
            6.78,
            980.0
        ],
        [
            7.13,
            920.79
        ],
        [
            7.61,
            872.74
        ],
        [
            8.18,
            830.0
        ]
    ],
    "0.03_APX2": [
        [
            5.95,
            1335.0
        ],
        [
            6.03,
            1296.12
        ],
        [
            6.21,
            1202.0
        ],
        [
            6.3,
            1164.33
        ],
        [
            6.49,
            1084.0
        ],
        [
            6.58,
            1052.43
        ],
        [
            6.78,
            980.0
        ],
        [
            6.92,
            946.6
        ],
        [
            7.13,
            920.79
        ],
        [
            7.39,
            885.57
        ],
        [
            7.61,
            872.74
        ],
        [
            7.95,
            838.13
        ],
        [
            8.18,
            830.0
        ]
    ],
    "0.03_APX_time": 2830.989893436432,
    "0.03_APX_gap": 0.00700451356724672,
    "EI_0.02_APX": 0.021432775873411636,
    "EI_0.03_APX": 0.030088985838440552,
    "EI_0.02_APX2": 0.021432775873411636,
    "EI_0.03_APX2": 0.030088985838440552
}