{
    "0.02_APX": [
        [
            8.03,
            1371.0
        ],
        [
            8.25,
            1297.0
        ],
        [
            8.47,
            1218.0
        ],
        [
            8.71,
            1153.0
        ],
        [
            9.0,
            1114.0
        ],
        [
            9.23,
            1077.0
        ],
        [
            9.5,
            1053.0
        ],
        [
            9.81,
            1023.0
        ]
    ],
    "0.02_APX2": [
        [
            8.03,
            1371.0
        ],
        [
            8.09,
            1344.12
        ],
        [
            8.25,
            1297.0
        ],
        [
            8.3,
            1271.57
        ],
        [
            8.47,
            1218.0
        ],
        [
            8.55,
            1194.12
        ],
        [
            8.71,
            1153.0
        ],
        [
            8.82,
            1130.39
        ],
        [
            9.0,
            1114.0
        ],
        [
            9.06,
            1092.16
        ],
        [
            9.23,
            1077.0
        ],
        [
            9.31,
            1055.88
        ],
        [
            9.5,
            1053.0
        ],
        [
            9.62,
            1032.35
        ],
        [
            9.81,
            1023.0
        ]
    ],
    "0.02_APX_time": 5445.8190841674805,
    "0.02_APX_gap": 0.005186002181958106,
    "0.03_APX": [
        [
            8.1,
            1343.0
        ],
        [
            8.45,
            1232.0
        ],
        [
            8.8,
            1145.0
        ],
        [
            9.21,
            1081.0
        ],
        [
            9.7,
            1037.0
        ]
    ],
    "0.03_APX2": [
        [
            8.1,
            1343.0
        ],
        [
            8.2,
            1303.88
        ],
        [
            8.45,
            1232.0
        ],
        [
            8.55,
            1196.12
        ],
        [
            8.8,
            1145.0
        ],
        [
            8.95,
            1111.65
        ],
        [
            9.21,
            1081.0
        ],
        [
            9.42,
            1049.51
        ],
        [
            9.7,
            1037.0
        ]
    ],
    "0.03_APX_time": 3125.3348846435547,
    "0.03_APX_gap": 0.005011936515681723
}