{
    "0.02_APX": [
        [
            1371.0,
            8.03
        ],
        [
            1297.0,
            8.25
        ],
        [
            1218.0,
            8.47
        ],
        [
            1153.0,
            8.71
        ],
        [
            1114.0,
            9.0
        ],
        [
            1077.0,
            9.23
        ],
        [
            1053.0,
            9.5
        ],
        [
            1023.0,
            9.81
        ]
    ],
    "0.02_APX2": [
        [
            1371.0,
            8.03
        ],
        [
            1344.12,
            8.09
        ],
        [
            1297.0,
            8.25
        ],
        [
            1271.57,
            8.3
        ],
        [
            1218.0,
            8.47
        ],
        [
            1194.12,
            8.55
        ],
        [
            1153.0,
            8.71
        ],
        [
            1130.39,
            8.82
        ],
        [
            1114.0,
            9.0
        ],
        [
            1092.16,
            9.06
        ],
        [
            1077.0,
            9.23
        ],
        [
            1055.88,
            9.31
        ],
        [
            1053.0,
            9.5
        ],
        [
            1032.35,
            9.62
        ],
        [
            1023.0,
            9.81
        ]
    ],
    "0.02_APX_time": 5445.8190841674805,
    "0.02_APX_gap": 0.005186002181958106,
    "0.03_APX": [
        [
            1343.0,
            8.1
        ],
        [
            1232.0,
            8.45
        ],
        [
            1145.0,
            8.8
        ],
        [
            1081.0,
            9.21
        ],
        [
            1037.0,
            9.7
        ]
    ],
    "0.03_APX2": [
        [
            1343.0,
            8.1
        ],
        [
            1303.88,
            8.2
        ],
        [
            1232.0,
            8.45
        ],
        [
            1196.12,
            8.55
        ],
        [
            1145.0,
            8.8
        ],
        [
            1111.65,
            8.95
        ],
        [
            1081.0,
            9.21
        ],
        [
            1049.51,
            9.42
        ],
        [
            1037.0,
            9.7
        ]
    ],
    "0.03_APX_time": 3125.3348846435547,
    "0.03_APX_gap": 0.005011936515681723
}