{
    "0.02_APX": [
        [
            2.96,
            951.91
        ],
        [
            3.04,
            885.0
        ],
        [
            3.13,
            816.0
        ],
        [
            3.22,
            710.0
        ],
        [
            3.28,
            622.0
        ],
        [
            3.38,
            575.0
        ],
        [
            3.5,
            525.0
        ],
        [
            3.68,
            503.0
        ]
    ],
    "0.02_APX2": [
        [
            2.96,
            951.91
        ],
        [
            2.98,
            933.25
        ],
        [
            3.04,
            885.0
        ],
        [
            3.07,
            867.65
        ],
        [
            3.13,
            816.0
        ],
        [
            3.16,
            800.0
        ],
        [
            3.22,
            710.0
        ],
        [
            3.22,
            696.08
        ],
        [
            3.28,
            622.0
        ],
        [
            3.32,
            609.8
        ],
        [
            3.38,
            575.0
        ],
        [
            3.43,
            563.73
        ],
        [
            3.5,
            525.0
        ],
        [
            3.62,
            514.71
        ],
        [
            3.68,
            503.0
        ]
    ],
    "0.02_APX_time": 8.949800252914429,
    "0.02_APX_gap": 0.0,
    "0.03_APX": [
        [
            2.99,
            928.0
        ],
        [
            3.11,
            833.39
        ],
        [
            3.24,
            686.0
        ],
        [
            3.35,
            592.0
        ],
        [
            3.49,
            534.0
        ],
        [
            3.7,
            503.0
        ]
    ],
    "0.03_APX2": [
        [
            2.99,
            928.0
        ],
        [
            3.02,
            900.97
        ],
        [
            3.11,
            833.39
        ],
        [
            3.15,
            809.12
        ],
        [
            3.24,
            686.0
        ],
        [
            3.25,
            666.02
        ],
        [
            3.35,
            592.0
        ],
        [
            3.39,
            574.76
        ],
        [
            3.49,
            534.0
        ],
        [
            3.59,
            518.45
        ],
        [
            3.7,
            503.0
        ]
    ],
    "0.03_APX_time": 6.392535448074341,
    "0.03_APX_gap": 0.0,
    "EI_0.02_APX": 0.0191784595255311,
    "EI_0.02_APX2": 0.0191784595255311,
    "EI_0.03_APX": 0.029565217391304355,
    "EI_0.03_APX2": 0.029507970939641304
}