{
    "0.02_APX": [
        [
            951.91,
            2.96
        ],
        [
            885.0,
            3.04
        ],
        [
            816.0,
            3.13
        ],
        [
            710.0,
            3.22
        ],
        [
            622.0,
            3.28
        ],
        [
            575.0,
            3.38
        ],
        [
            525.0,
            3.5
        ],
        [
            503.0,
            3.68
        ]
    ],
    "0.02_APX2": [
        [
            951.91,
            2.96
        ],
        [
            933.25,
            2.98
        ],
        [
            885.0,
            3.04
        ],
        [
            867.65,
            3.07
        ],
        [
            816.0,
            3.13
        ],
        [
            800.0,
            3.16
        ],
        [
            710.0,
            3.22
        ],
        [
            696.08,
            3.22
        ],
        [
            622.0,
            3.28
        ],
        [
            609.8,
            3.32
        ],
        [
            575.0,
            3.38
        ],
        [
            563.73,
            3.43
        ],
        [
            525.0,
            3.5
        ],
        [
            514.71,
            3.62
        ],
        [
            503.0,
            3.68
        ]
    ],
    "0.02_APX_time": 8.949800252914429,
    "0.02_APX_gap": 0.0,
    "0.03_APX": [
        [
            928.0,
            2.99
        ],
        [
            833.39,
            3.11
        ],
        [
            686.0,
            3.24
        ],
        [
            592.0,
            3.35
        ],
        [
            534.0,
            3.49
        ],
        [
            503.0,
            3.7
        ]
    ],
    "0.03_APX2": [
        [
            928.0,
            2.99
        ],
        [
            900.97,
            3.02
        ],
        [
            833.39,
            3.11
        ],
        [
            809.12,
            3.15
        ],
        [
            686.0,
            3.24
        ],
        [
            666.02,
            3.25
        ],
        [
            592.0,
            3.35
        ],
        [
            574.76,
            3.39
        ],
        [
            534.0,
            3.49
        ],
        [
            518.45,
            3.59
        ],
        [
            503.0,
            3.7
        ]
    ],
    "0.03_APX_time": 6.392535448074341,
    "0.03_APX_gap": 0.0,
    "EI_0.02_APX": 0.0191784595255311,
    "EI_0.02_APX2": 0.0191784595255311,
    "EI_0.03_APX": 0.029565217391304355,
    "EI_0.03_APX2": 0.029507970939641304
}