{
    "0.02_APX": [
        [
            893.94,
            3.66
        ],
        [
            810.84,
            3.75
        ],
        [
            695.0,
            3.85
        ],
        [
            607.0,
            3.96
        ],
        [
            554.0,
            4.05
        ],
        [
            505.0,
            4.14
        ],
        [
            477.0,
            4.28
        ],
        [
            467.0,
            4.41
        ]
    ],
    "0.02_APX2": [
        [
            893.94,
            3.66
        ],
        [
            876.41,
            3.68
        ],
        [
            810.84,
            3.75
        ],
        [
            794.94,
            3.78
        ],
        [
            695.0,
            3.85
        ],
        [
            681.37,
            3.89
        ],
        [
            607.0,
            3.96
        ],
        [
            595.1,
            3.97
        ],
        [
            554.0,
            4.05
        ],
        [
            543.14,
            4.08
        ],
        [
            505.0,
            4.14
        ],
        [
            495.1,
            4.2
        ],
        [
            477.0,
            4.28
        ],
        [
            467.65,
            4.38
        ],
        [
            467.0,
            4.41
        ]
    ],
    "0.02_APX_time": 22.604413747787476,
    "0.02_APX_gap": 0.0,
    "0.03_APX": [
        [
            864.4,
            3.7
        ],
        [
            699.0,
            3.82
        ],
        [
            573.0,
            4.01
        ],
        [
            497.0,
            4.17
        ],
        [
            469.0,
            4.34
        ]
    ],
    "0.03_APX2": [
        [
            864.4,
            3.7
        ],
        [
            839.22,
            3.73
        ],
        [
            699.0,
            3.82
        ],
        [
            678.64,
            3.89
        ],
        [
            573.0,
            4.01
        ],
        [
            556.31,
            4.05
        ],
        [
            497.0,
            4.17
        ],
        [
            482.52,
            4.22
        ],
        [
            469.0,
            4.34
        ]
    ],
    "0.03_APX_time": 5.52426290512085,
    "0.03_APX_gap": 0.0,
    "EI_0.02_APX": 0.019413419491407513,
    "EI_0.02_APX2": 0.019413419491407513,
    "EI_0.03_APX": 0.030554549759073124,
    "EI_0.03_APX2": 0.030554549759073124
}