{
    "0.02_APX": [
        [
            3.66,
            893.94
        ],
        [
            3.75,
            810.84
        ],
        [
            3.85,
            695.0
        ],
        [
            3.96,
            607.0
        ],
        [
            4.05,
            554.0
        ],
        [
            4.14,
            505.0
        ],
        [
            4.28,
            477.0
        ],
        [
            4.41,
            467.0
        ]
    ],
    "0.02_APX2": [
        [
            3.66,
            893.94
        ],
        [
            3.68,
            876.41
        ],
        [
            3.75,
            810.84
        ],
        [
            3.78,
            794.94
        ],
        [
            3.85,
            695.0
        ],
        [
            3.89,
            681.37
        ],
        [
            3.96,
            607.0
        ],
        [
            3.97,
            595.1
        ],
        [
            4.05,
            554.0
        ],
        [
            4.08,
            543.14
        ],
        [
            4.14,
            505.0
        ],
        [
            4.2,
            495.1
        ],
        [
            4.28,
            477.0
        ],
        [
            4.38,
            467.65
        ],
        [
            4.41,
            467.0
        ]
    ],
    "0.02_APX_time": 22.604413747787476,
    "0.02_APX_gap": 0.0,
    "0.03_APX": [
        [
            3.7,
            864.4
        ],
        [
            3.82,
            699.0
        ],
        [
            4.01,
            573.0
        ],
        [
            4.17,
            497.0
        ],
        [
            4.34,
            469.0
        ]
    ],
    "0.03_APX2": [
        [
            3.7,
            864.4
        ],
        [
            3.73,
            839.22
        ],
        [
            3.82,
            699.0
        ],
        [
            3.89,
            678.64
        ],
        [
            4.01,
            573.0
        ],
        [
            4.05,
            556.31
        ],
        [
            4.17,
            497.0
        ],
        [
            4.22,
            482.52
        ],
        [
            4.34,
            469.0
        ]
    ],
    "0.03_APX_time": 5.52426290512085,
    "0.03_APX_gap": 0.0,
    "EI_0.02_APX": 0.019413419491407513,
    "EI_0.02_APX2": 0.019413419491407513,
    "EI_0.03_APX": 0.030554549759073124,
    "EI_0.03_APX2": 0.030554549759073124
}