{
    "0.02_APX": [
        [
            1315.0,
            9.86
        ],
        [
            1247.0,
            10.11
        ],
        [
            1180.0,
            10.36
        ],
        [
            1116.0,
            10.71
        ],
        [
            1062.0,
            11.02
        ],
        [
            1021.0,
            11.37
        ]
    ],
    "0.02_APX2": [
        [
            1315.0,
            9.86
        ],
        [
            1289.22,
            9.91
        ],
        [
            1247.0,
            10.11
        ],
        [
            1222.55,
            10.16
        ],
        [
            1180.0,
            10.36
        ],
        [
            1156.86,
            10.5
        ],
        [
            1116.0,
            10.71
        ],
        [
            1094.12,
            10.81
        ],
        [
            1062.0,
            11.02
        ],
        [
            1041.18,
            11.18
        ],
        [
            1021.0,
            11.37
        ]
    ],
    "0.02_APX_time": 121.7103328704834,
    "0.03_APX": [
        [
            1273.0,
            9.94
        ],
        [
            1179.0,
            10.43
        ],
        [
            1087.0,
            10.91
        ],
        [
            1021.0,
            11.36
        ]
    ],
    "0.03_APX2": [
        [
            1273.0,
            9.94
        ],
        [
            1235.92,
            10.13
        ],
        [
            1179.0,
            10.43
        ],
        [
            1144.66,
            10.6
        ],
        [
            1087.0,
            10.91
        ],
        [
            1055.34,
            11.07
        ],
        [
            1021.0,
            11.36
        ]
    ],
    "0.03_APX_time": 516.3499617576599,
    "EI_0.02_APX": 0.019479713801232368,
    "EI_0.03_APX": 0.027751354481161394,
    "EI_0.02_APX2": 0.019479713801232368,
    "EI_0.03_APX2": 0.027751354481161394
}