{
    "0.02_APX": [
        [
            9.86,
            1315.0
        ],
        [
            10.11,
            1247.0
        ],
        [
            10.36,
            1180.0
        ],
        [
            10.71,
            1116.0
        ],
        [
            11.02,
            1062.0
        ],
        [
            11.37,
            1021.0
        ]
    ],
    "0.02_APX2": [
        [
            9.86,
            1315.0
        ],
        [
            9.91,
            1289.22
        ],
        [
            10.11,
            1247.0
        ],
        [
            10.16,
            1222.55
        ],
        [
            10.36,
            1180.0
        ],
        [
            10.5,
            1156.86
        ],
        [
            10.71,
            1116.0
        ],
        [
            10.81,
            1094.12
        ],
        [
            11.02,
            1062.0
        ],
        [
            11.18,
            1041.18
        ],
        [
            11.37,
            1021.0
        ]
    ],
    "0.02_APX_time": 121.7103328704834,
    "0.03_APX": [
        [
            9.94,
            1273.0
        ],
        [
            10.43,
            1179.0
        ],
        [
            10.91,
            1087.0
        ],
        [
            11.36,
            1021.0
        ]
    ],
    "0.03_APX2": [
        [
            9.94,
            1273.0
        ],
        [
            10.13,
            1235.92
        ],
        [
            10.43,
            1179.0
        ],
        [
            10.6,
            1144.66
        ],
        [
            10.91,
            1087.0
        ],
        [
            11.07,
            1055.34
        ],
        [
            11.36,
            1021.0
        ]
    ],
    "0.03_APX_time": 516.3499617576599,
    "EI_0.02_APX": 0.019479713801232368,
    "EI_0.03_APX": 0.027751354481161394,
    "EI_0.02_APX2": 0.019479713801232368,
    "EI_0.03_APX2": 0.027751354481161394
}