{
    "0.02_APX": [
        [
            6.69,
            1230.0
        ],
        [
            6.84,
            1074.0
        ],
        [
            7.01,
            958.29
        ],
        [
            7.25,
            910.0
        ],
        [
            7.51,
            869.0
        ],
        [
            7.85,
            837.0
        ],
        [
            8.13,
            805.0
        ],
        [
            8.38,
            782.0
        ]
    ],
    "0.02_APX2": [
        [
            6.69,
            1230.0
        ],
        [
            6.71,
            1205.88
        ],
        [
            6.84,
            1074.0
        ],
        [
            6.87,
            1052.94
        ],
        [
            7.01,
            958.29
        ],
        [
            7.11,
            939.5
        ],
        [
            7.25,
            910.0
        ],
        [
            7.37,
            892.16
        ],
        [
            7.51,
            869.0
        ],
        [
            7.7,
            851.96
        ],
        [
            7.85,
            837.0
        ],
        [
            7.99,
            820.59
        ],
        [
            8.13,
            805.0
        ],
        [
            8.28,
            789.22
        ],
        [
            8.38,
            782.0
        ]
    ],
    "0.02_APX_time": 715.7269916534424,
    "0.03_APX": [
        [
            6.76,
            1170.0
        ],
        [
            6.98,
            976.0
        ],
        [
            7.29,
            901.91
        ],
        [
            7.7,
            850.0
        ],
        [
            8.19,
            802.46
        ]
    ],
    "0.03_APX2": [
        [
            6.76,
            1170.0
        ],
        [
            6.78,
            1135.92
        ],
        [
            6.98,
            976.0
        ],
        [
            7.08,
            947.57
        ],
        [
            7.29,
            901.91
        ],
        [
            7.48,
            875.64
        ],
        [
            7.7,
            850.0
        ],
        [
            7.95,
            825.24
        ],
        [
            8.19,
            802.46
        ]
    ],
    "0.03_APX_time": 217.71187949180603,
    "EI_0.02_APX": 0.020096977829282547,
    "EI_0.03_APX": 0.030770638284895124,
    "EI_0.03_APX2": 0.030770638284895124,
    "EI_0.02_APX2": 0.020096977829282547,
    "0.04_APX": [
        [
            6.82,
            1090.0
        ],
        [
            7.14,
            928.0
        ],
        [
            7.65,
            856.84
        ],
        [
            8.27,
            793.44
        ]
    ],
    "0.04_APX2": [
        [
            6.82,
            1090.0
        ],
        [
            6.87,
            1048.08
        ],
        [
            7.14,
            928.0
        ],
        [
            7.36,
            892.31
        ],
        [
            7.65,
            856.84
        ],
        [
            7.95,
            823.88
        ],
        [
            8.27,
            793.44
        ]
    ],
    "0.04_APX_time": 176.63290166854858
}