{
    "0.02_APX": [
        [
            1230.0,
            6.69
        ],
        [
            1074.0,
            6.84
        ],
        [
            958.29,
            7.01
        ],
        [
            910.0,
            7.25
        ],
        [
            869.0,
            7.51
        ],
        [
            837.0,
            7.85
        ],
        [
            805.0,
            8.13
        ],
        [
            782.0,
            8.38
        ]
    ],
    "0.02_APX2": [
        [
            1230.0,
            6.69
        ],
        [
            1205.88,
            6.71
        ],
        [
            1074.0,
            6.84
        ],
        [
            1052.94,
            6.87
        ],
        [
            958.29,
            7.01
        ],
        [
            939.5,
            7.11
        ],
        [
            910.0,
            7.25
        ],
        [
            892.16,
            7.37
        ],
        [
            869.0,
            7.51
        ],
        [
            851.96,
            7.7
        ],
        [
            837.0,
            7.85
        ],
        [
            820.59,
            7.99
        ],
        [
            805.0,
            8.13
        ],
        [
            789.22,
            8.28
        ],
        [
            782.0,
            8.38
        ]
    ],
    "0.02_APX_time": 715.7269916534424,
    "0.03_APX": [
        [
            1170.0,
            6.76
        ],
        [
            976.0,
            6.98
        ],
        [
            901.91,
            7.29
        ],
        [
            850.0,
            7.7
        ],
        [
            802.46,
            8.19
        ]
    ],
    "0.03_APX2": [
        [
            1170.0,
            6.76
        ],
        [
            1135.92,
            6.78
        ],
        [
            976.0,
            6.98
        ],
        [
            947.57,
            7.08
        ],
        [
            901.91,
            7.29
        ],
        [
            875.64,
            7.48
        ],
        [
            850.0,
            7.7
        ],
        [
            825.24,
            7.95
        ],
        [
            802.46,
            8.19
        ]
    ],
    "0.03_APX_time": 217.71187949180603,
    "EI_0.02_APX": 0.020096977829282547,
    "EI_0.03_APX": 0.030770638284895124,
    "EI_0.03_APX2": 0.030770638284895124,
    "EI_0.02_APX2": 0.020096977829282547,
    "0.04_APX": [
        [
            6.82,
            1090.0
        ],
        [
            7.14,
            928.0
        ],
        [
            7.65,
            856.84
        ],
        [
            8.27,
            793.44
        ]
    ],
    "0.04_APX2": [
        [
            6.82,
            1090.0
        ],
        [
            6.87,
            1048.08
        ],
        [
            7.14,
            928.0
        ],
        [
            7.36,
            892.31
        ],
        [
            7.65,
            856.84
        ],
        [
            7.95,
            823.88
        ],
        [
            8.27,
            793.44
        ]
    ],
    "0.04_APX_time": 176.63290166854858
}