{
    "P2_feasibility_rate1": 0.999,
    "P2_feasibility_rate2": 0.982,
    "P2_feasibility_rate3": 0.929,
    "avg_rate_vij1_1": 1.2911,
    "avg_rate_vij2_1": 0.8603,
    "avg_rate_vij1_2": 0.8939,
    "avg_rate_vij2_2": 0.5918,
    "avg_rate_vij1_3": 0.6985,
    "avg_rate_vij2_3": 0.4631,
    "time_P2_1": 0.4777233600616455,
    "time_P2_2": 0.35532689094543457,
    "time_P2_3": 0.3011946678161621
}