{
    "P2_feasibility_rate1": 1.0,
    "P2_feasibility_rate2": 0.9923333333333334,
    "P2_feasibility_rate3": 0.9446666666666665,
    "avg_rate_vij1_1": 1.5415,
    "avg_rate_vij2_1": 1.0247,
    "avg_rate_vij1_2": 1.0568,
    "avg_rate_vij2_2": 0.701,
    "avg_rate_vij1_3": 0.8345,
    "avg_rate_vij2_3": 0.5561,
    "time_P2_1": 1.8785953521728516,
    "time_P2_2": 1.0482025146484375,
    "time_P2_3": 0.9743983745574951
}