{
    "P2_feasibility_rate1": 0.9987142857142858,
    "P2_feasibility_rate2": 0.9936666666666667,
    "P2_feasibility_rate3": 0.9635000000000001,
    "avg_rate_vij1_1": 1.6794,
    "avg_rate_vij2_1": 1.1181,
    "avg_rate_vij1_2": 1.1522,
    "avg_rate_vij2_2": 0.7629,
    "avg_rate_vij1_3": 0.9109,
    "avg_rate_vij2_3": 0.5977,
    "time_P2_1": 2.63346266746521,
    "time_P2_2": 1.470123052597046,
    "time_P2_3": 1.236692190170288
}