{
    "P2_feasibility_rate1": 0.9985,
    "P2_feasibility_rate2": 0.9856666666666667,
    "P2_feasibility_rate3": 0.9415000000000003,
    "avg_rate_vij1_1": 1.4922,
    "avg_rate_vij2_1": 0.9924,
    "avg_rate_vij1_2": 1.0276,
    "avg_rate_vij2_2": 0.6809,
    "avg_rate_vij1_3": 0.8115,
    "avg_rate_vij2_3": 0.5369,
    "time_P2_1": 1.7198216915130615,
    "time_P2_2": 1.4072422981262207,
    "time_P2_3": 1.3903217315673828
}