{
    "P2_feasibility_rate1": 0.994,
    "P2_feasibility_rate2": 0.951,
    "P2_feasibility_rate3": 0.8770000000000002,
    "avg_rate_vij1_1": 2.139,
    "avg_rate_vij2_1": 1.4178,
    "avg_rate_vij1_2": 1.4669,
    "avg_rate_vij2_2": 0.9681,
    "avg_rate_vij1_3": 1.1602,
    "avg_rate_vij2_3": 0.7584,
    "time_P2_1": 0.3749961853027344,
    "time_P2_2": 0.24292922019958496,
    "time_P2_3": 0.31409764289855957
}