{
    "P2_feasibility_rate1": 0.9973333333333333,
    "P2_feasibility_rate2": 0.9835999999999998,
    "P2_feasibility_rate3": 0.926,
    "avg_rate_vij1_1": 2.619,
    "avg_rate_vij2_1": 1.7412,
    "avg_rate_vij1_2": 1.8031,
    "avg_rate_vij2_2": 1.191,
    "avg_rate_vij1_3": 1.4178,
    "avg_rate_vij2_3": 0.9355,
    "time_P2_1": 1.1459341049194336,
    "time_P2_2": 0.52459716796875,
    "time_P2_3": 0.318148136138916
}