{
    "P2_feasibility_rate1": 1.0,
    "P2_feasibility_rate2": 0.9855,
    "P2_feasibility_rate3": 0.9533333333333334,
    "avg_rate_vij1_1": 3.0116,
    "avg_rate_vij2_1": 1.9983,
    "avg_rate_vij1_2": 2.0665,
    "avg_rate_vij2_2": 1.3683,
    "avg_rate_vij1_3": 1.6354,
    "avg_rate_vij2_3": 1.0806,
    "time_P2_1": 2.1552317142486572,
    "time_P2_2": 1.3683409690856934,
    "time_P2_3": 1.593735933303833
}