{
    "rate_vij1_avg": 1.6354,
    "rate_vij2_avg": 1.0806,
    "P2_PF": [
        [
            1.0755,
            1440.0
        ],
        [
            1.1254,
            377.0
        ],
        [
            1.2244,
            322.0
        ],
        [
            1.3071,
            251.8
        ],
        [
            1.3384,
            245.8
        ]
    ],
    "P2_time": 0.446810245513916,
    "P2_solutions": [
        {
            "y": {
                "(0, 0)": 1.0,
                "(0, 1)": 1.0,
                "(0, 11)": 1.0,
                "(0, 12)": 1.0,
                "(1, 6)": 1.0,
                "(1, 13)": 1.0,
                "(1, 14)": 1.0,
                "(1, 22)": 1.0,
                "(2, 8)": 1.0,
                "(2, 9)": 1.0,
                "(2, 10)": 1.0,
                "(2, 19)": 1.0,
                "(3, 3)": 1.0,
                "(3, 4)": 1.0,
                "(3, 15)": 1.0,
                "(3, 16)": 0.9999999581889626,
                "(4, 2)": 1.0,
                "(4, 5)": 1.0,
                "(4, 18)": 1.0,
                "(4, 21)": 1.0,
                "(5, 7)": 1.0,
                "(5, 17)": 1.0,
                "(5, 20)": 1.0,
                "(5, 23)": 1.0
            },
            "w": {
                "(0, 0)": 1.0,
                "(0, 1)": 1.0,
                "(1, 0)": 1.0,
                "(1, 1)": 1.0,
                "(2, 0)": 1.0,
                "(2, 1)": 1.0,
                "(3, 0)": 1.0,
                "(3, 1)": 1.0,
                "(4, 0)": 1.0,
                "(4, 1)": 1.0,
                "(5, 0)": 1.0,
                "(5, 1)": 1.0,
                "(6, 0)": 1.0,
                "(6, 1)": 1.0,
                "(7, 0)": 1.0,
                "(7, 1)": 1.0,
                "(8, 0)": 1.0,
                "(8, 1)": 1.0,
                "(9, 0)": 1.0,
                "(9, 1)": 1.0,
                "(10, 0)": 1.0,
                "(10, 1)": 1.0,
                "(11, 0)": 1.0,
                "(11, 1)": 1.0,
                "(12, 0)": 1.0,
                "(12, 1)": 1.0,
                "(13, 0)": 1.0,
                "(13, 1)": 1.0,
                "(14, 0)": 1.0,
                "(14, 1)": 1.0,
                "(15, 0)": 1.0,
                "(15, 1)": 1.0,
                "(16, 0)": 1.0,
                "(16, 1)": 1.0,
                "(17, 0)": 1.0,
                "(17, 1)": 1.0,
                "(18, 0)": 1.0,
                "(18, 1)": 1.0,
                "(19, 0)": 1.0,
                "(19, 1)": 1.0,
                "(20, 0)": 1.0,
                "(20, 1)": 1.0,
                "(21, 0)": 1.0,
                "(21, 1)": 1.0,
                "(22, 0)": 1.0,
                "(22, 1)": 1.0,
                "(23, 0)": 1.0,
                "(23, 1)": 1.0
            },
            "t": {
                "(0, 0, 0)": 50.2,
                "(0, 1, 0)": 44.2,
                "(0, 11, 0)": 73.2,
                "(0, 12, 0)": 62.2,
                "(0, 16, 0)": 1.8057668936214575e-06,
                "(1, 6, 0)": 83.2,
                "(1, 13, 0)": 42.2,
                "(1, 14, 0)": 53.2,
                "(1, 22, 0)": 50.2,
                "(2, 8, 0)": 51.2,
                "(2, 9, 0)": 53.2,
                "(2, 10, 0)": 54.2,
                "(2, 19, 0)": 82.2,
                "(3, 3, 0)": 44.2,
                "(3, 4, 0)": 95.2,
                "(3, 15, 0)": 53.2,
                "(3, 16, 0)": 53.19999777315281,
                "(4, 2, 0)": 96.2,
                "(4, 5, 0)": 43.2,
                "(4, 18, 0)": 42.2,
                "(4, 21, 0)": 43.2,
                "(5, 7, 0)": 42.2,
                "(5, 17, 0)": 43.2,
                "(5, 20, 0)": 51.2,
                "(5, 23, 0)": 102.2
            },
            "z": {
                "(0, 0)": 1.0,
                "(1, 0)": 1.0,
                "(2, 0)": 1.0,
                "(3, 0)": 1.0,
                "(4, 0)": 1.0,
                "(5, 0)": 1.0
            }
        },
        {
            "y": {
                "(0, 0)": 1.0,
                "(0, 1)": 1.0,
                "(0, 2)": 1.0,
                "(0, 12)": 1.0,
                "(0, 21)": 1.0,
                "(0, 22)": 1.0,
                "(1, 13)": 1.0,
                "(2, 5)": 1.0,
                "(2, 8)": 1.0,
                "(2, 9)": 1.0,
                "(2, 10)": 1.0,
                "(2, 11)": 1.0,
                "(2, 19)": 1.0,
                "(2, 23)": 1.0,
                "(3, 3)": 1.0,
                "(3, 4)": 1.0,
                "(3, 6)": 1.0,
                "(3, 14)": 1.0,
                "(3, 15)": 1.0,
                "(3, 16)": 1.0,
                "(4, 18)": 1.0,
                "(5, 7)": 1.0,
                "(5, 17)": 1.0,
                "(5, 20)": 1.0
            },
            "w": {
                "(0, 0)": 1.0,
                "(0, 1)": 1.0,
                "(1, 0)": 1.0,
                "(1, 1)": 1.0,
                "(2, 0)": 1.0,
                "(2, 1)": 1.0,
                "(3, 1)": 1.0,
                "(3, 2)": 1.0,
                "(4, 0)": 1.0,
                "(4, 1)": 1.0,
                "(5, 1)": 1.0,
                "(5, 2)": 1.0,
                "(6, 0)": 1.0,
                "(6, 1)": 1.0,
                "(7, 0)": 1.0,
                "(7, 1)": 1.0,
                "(8, 1)": 1.0,
                "(8, 2)": 1.0,
                "(9, 0)": 1.0,
                "(9, 1)": 1.0,
                "(10, 0)": 1.0,
                "(10, 1)": 1.0,
                "(11, 0)": 1.0,
                "(11, 1)": 1.0,
                "(12, 0)": 1.0,
                "(12, 1)": 1.0,
                "(13, 0)": 1.0,
                "(13, 1)": 1.0,
                "(14, 0)": 1.0,
                "(14, 1)": 1.0,
                "(15, 0)": 1.0,
                "(15, 1)": 1.0,
                "(16, 0)": 1.0,
                "(16, 1)": 1.0,
                "(17, 0)": 1.0,
                "(17, 1)": 1.0,
                "(18, 0)": 1.0,
                "(18, 1)": 1.0,
                "(19, 0)": 1.0,
                "(19, 1)": 1.0,
                "(20, 0)": 1.0,
                "(20, 1)": 1.0,
                "(21, 0)": 1.0,
                "(21, 1)": 1.0,
                "(22, 0)": 1.0,
                "(22, 1)": 1.0,
                "(23, 0)": 1.0,
                "(23, 1)": 1.0
            },
            "t": {
                "(0, 0, 0)": 50.2,
                "(0, 1, 0)": 44.2,
                "(0, 2, 0)": 72.2,
                "(0, 12, 0)": 62.2,
                "(0, 21, 0)": 43.2,
                "(0, 22, 0)": 44.2,
                "(1, 13, 0)": 42.2,
                "(2, 5, 2)": 51.2,
                "(2, 8, 1)": 12.4,
                "(2, 8, 2)": 38.8,
                "(2, 9, 0)": 53.2,
                "(2, 10, 0)": 54.2,
                "(2, 11, 0)": 85.2,
                "(2, 19, 0)": 82.2,
                "(2, 23, 0)": 113.2,
                "(3, 3, 2)": 44.2,
                "(3, 4, 0)": 95.2,
                "(3, 6, 0)": 103.2,
                "(3, 14, 0)": 81.2,
                "(3, 15, 0)": 53.2,
                "(3, 16, 0)": 53.2,
                "(4, 18, 0)": 42.2,
                "(5, 7, 0)": 42.2,
                "(5, 17, 0)": 43.2,
                "(5, 20, 0)": 51.2
            },
            "z": {
                "(0, 0)": 1.0,
                "(0, 1)": 1.0,
                "(1, 0)": 1.0,
                "(1, 1)": 1.0,
                "(2, 0)": 1.0,
                "(2, 1)": 1.0,
                "(2, 2)": 1.0,
                "(3, 0)": 1.0,
                "(3, 2)": 1.0,
                "(4, 0)": 1.0,
                "(5, 0)": 1.0
            }
        },
        {
            "y": {
                "(0, 1)": 1.0,
                "(0, 2)": 1.0,
                "(0, 11)": 1.0,
                "(0, 12)": 1.0,
                "(1, 6)": 1.0,
                "(1, 13)": 1.0,
                "(1, 14)": 1.0,
                "(1, 22)": 1.0,
                "(2, 8)": 1.0,
                "(2, 9)": 1.0,