{
    "rate_vij1_avg": 1.6259,
    "rate_vij2_avg": 1.0733,
    "P2_PF": [
        [
            1.2836,
            1350.0
        ],
        [
            1.2864,
            1278.0
        ],
        [
            1.3942,
            888.0
        ],
        [
            1.4922,
            776.0
        ],
        [
            1.5942,
            568.0
        ],
        [
            1.6492,
            501.0
        ],
        [
            1.7042,
            500.0
        ]
    ],
    "P2_time": 0.682330846786499,
    "P2_solutions": [
        {
            "y": {
                "(0, 0)": 1.0,
                "(0, 1)": 1.0,
                "(0, 3)": 1.0,
                "(0, 8)": 1.0,
                "(0, 12)": 1.0,
                "(1, 2)": 1.0,
                "(1, 9)": 1.0,
                "(1, 10)": 1.0,
                "(1, 13)": 1.0,
                "(1, 14)": 1.0,
                "(2, 4)": 1.0,
                "(2, 5)": 1.0,
                "(2, 6)": 1.0,
                "(2, 7)": 1.0,
                "(2, 11)": 1.0
            },
            "w": {
                "(0, 1)": 1.0,
                "(0, 2)": 1.0,
                "(1, 1)": 1.0,
                "(1, 2)": 1.0,
                "(2, 1)": 1.0,
                "(2, 2)": 1.0,
                "(3, 1)": 1.0,
                "(3, 2)": 1.0,
                "(4, 0)": 1.0,
                "(4, 1)": 1.0,
                "(5, 1)": 1.0,
                "(5, 2)": 1.0,
                "(6, 0)": 1.0,
                "(6, 1)": 1.0,
                "(7, 1)": 1.0,
                "(7, 2)": 1.0,
                "(8, 0)": 1.0,
                "(8, 1)": 1.0,
                "(9, 0)": 1.0,
                "(9, 1)": 1.0,
                "(10, 0)": 1.0,
                "(10, 1)": 1.0,
                "(11, 1)": 1.0,
                "(11, 2)": 1.0,
                "(12, 1)": 1.0,
                "(12, 2)": 1.0,
                "(13, 1)": 1.0,
                "(13, 2)": 1.0,
                "(14, 1)": 1.0,
                "(14, 2)": 1.0
            },
            "t": {
                "(0, 0, 1)": 127.0,
                "(0, 1, 1)": 55.00003156509183,
                "(0, 1, 2)": 79.99996843490817,
                "(0, 3, 1)": 50.0,
                "(0, 8, 0)": 60.0,
                "(0, 8, 1)": 24.0,
                "(0, 12, 1)": 104.0,
                "(1, 2, 1)": 52.0,
                "(1, 9, 0)": 19.000031565091888,
                "(1, 9, 1)": 73.99996843490811,
                "(1, 10, 1)": 92.0,
                "(1, 13, 1)": 67.00003156509183,
                "(1, 13, 2)": 79.99996843490817,
                "(1, 14, 1)": 75.0,
                "(2, 4, 1)": 53.0,
                "(2, 5, 1)": 51.0,
                "(2, 5, 2)": 42.0,
                "(2, 6, 0)": 60.0,
                "(2, 6, 1)": 56.0,
                "(2, 7, 1)": 136.0,
                "(2, 11, 1)": 64.0
            },
            "z": {
                "(0, 0)": 1.0,
                "(0, 1)": 1.0,
                "(0, 2)": 1.0,
                "(1, 0)": 1.0,
                "(1, 1)": 1.0,
                "(1, 2)": 1.0,
                "(2, 0)": 1.0,
                "(2, 1)": 1.0,
                "(2, 2)": 1.0
            }
        },
        {
            "y": {
                "(0, 8)": 1.0,
                "(0, 12)": 1.0,
                "(1, 2)": 1.0,
                "(2, 0)": 1.0,
                "(2, 1)": 1.0,
                "(2, 3)": 1.0,
                "(2, 4)": 1.0,
                "(2, 5)": 1.0,
                "(2, 6)": 1.0,
                "(2, 7)": 1.0,
                "(2, 9)": 1.0,
                "(2, 10)": 1.0,
                "(2, 11)": 1.0,
                "(2, 13)": 1.0,
                "(2, 14)": 1.0
            },
            "w": {
                "(0, 3)": 1.0,
                "(0, 4)": 1.0,
                "(1, 3)": 1.0,
                "(1, 4)": 1.0,
                "(2, 1)": 1.0,
                "(3, 3)": 1.0,
                "(4, 0)": 1.0,
                "(5, 2)": 1.0,
                "(6, 1)": 1.0,
                "(6, 2)": 1.0,
                "(7, 1)": 1.0,
                "(7, 2)": 1.0,
                "(8, 3)": 1.0,
                "(9, 0)": 1.0,
                "(9, 1)": 1.0,
                "(10, 1)": 1.0,
                "(10, 2)": 1.0,
                "(11, 1)": 1.0,
                "(12, 1)": 1.0,
                "(13, 4)": 1.0,
                "(14, 2)": 1.0,
                "(14, 3)": 1.0
            },
            "t": {
                "(0, 8, 3)": 84.0,
                "(0, 12, 1)": 104.0,
                "(1, 2, 1)": 52.0,
                "(2, 0, 3)": 104.0,
                "(2, 0, 4)": 53.0,
                "(2, 1, 4)": 158.0,
                "(2, 3, 3)": 72.0,
                "(2, 4, 0)": 53.0,
                "(2, 5, 2)": 93.0,
                "(2, 6, 1)": 116.0,
                "(2, 7, 1)": 75.0,
                "(2, 7, 2)": 61.0,
                "(2, 9, 0)": 7.0,
                "(2, 9, 1)": 105.0,
                "(2, 10, 2)": 147.0,
                "(2, 11, 1)": 64.0,
                "(2, 13, 4)": 179.0,
                "(2, 14, 2)": 59.0,
                "(2, 14, 3)": 4.0
            },
            "z": {
                "(0, 0)": 1.0,
                "(0, 1)": 1.0,
                "(0, 3)": 1.0,
                "(0, 4)": 1.0,
                "(1, 0)": 1.0,
                "(1, 1)": 1.0,
                "(2, 0)": 1.0,
                "(2, 1)": 1.0,
                "(2, 2)": 1.0,
                "(2, 3)": 1.0,
                "(2, 4)": 1.0
            }
        },
        {
            "y": {
                "(0, 0)": 1.0,
                "(0, 1)": 1.0,
                "(0, 3)": 1.0,
                "(0, 8)": 1.0,
                "(0, 12)": 1.0,
                "(1, 2)": 1.0,
                "(1, 7)": 1.0,
                "(1, 10)": 1.0,
                "(1, 13)": 1.0,
                "(2, 4)": 1.0,
                "(2, 5)": 1.0,
                "(2, 6)": 1.0,
                "(2, 9)": 1.0,
                "(2, 11)": 1.0,
                "(2, 14)": 1.0
            },
            "w": {
                "(0, 0)": 1.0,
                "(0, 1)": 1.0,
                "(1, 1)": 1.0,
                "(2, 1)": 1.0,
                "(2, 2)": 1.0,
                "(3, 1)": 1.0,
                "(3, 2)": 1.0,
                "(4, 1)": 1.0,
                "(5, 0)": 1.0,
                "(5, 1)": 1.0,
                "(6, 1)": 1.0,
                "(6, 2)": 1.0,
                "(7, 1)": 1.0,
                "(7, 2)": 1.0,
                "(8, 1)": 1.0,
                "(9, 1)": 1.0,
                "(9, 2)": 1.0,
                "(10, 0)": 1.0,
                "(10, 1)": 1.0,
                "(11, 1)": 1.0,
                "(11, 2)": 1.0,
                "(12, 1)": 1.0,
                "(12, 2)": 1.0,
                "(13, 1)": 1.0,
                "(13, 2)": 1.0,
                "(14, 1)": 1.0
            },
            "t": {
                "(0, 0, 0)": 60.0,
                "(0, 0, 1)": 67.0,
                "(0, 1, 1)": 135.0,
                "(0, 3, 2)": 50.0,
                "(0, 8, 1)": 84.0,
                "(0, 12, 1)": 73.0,
                "(0, 12, 2)": 31.0,
                "(1, 2, 1)": 52.0,
                "(1, 7, 1)": 125.0,
                "(1, 10, 0)": 56.0,
                "(1, 10, 1)": 36.0,
                "(1, 13, 1)": 147.0,
                "(2, 4, 1)": 53.0,
                "(2, 5, 0)": 60.0,
                "(2, 5, 1)": 33.0,
                "(2, 6, 1)": 116.0,
                "(2, 9, 1)": 31.0,
                "(2, 9, 2)": 81.0,
                "(2, 11, 1)": 64.0,
                "(2, 14, 1)": 63.0
            },
            "z": {
                "(0, 0)": 1.0,
                "(0, 1)": 1.0,
                "(0, 2)": 1.0,
                "(1, 0)": 1.0,
                "(1, 1)": 1.0,
                "(1, 2)": 1.0,
                "(2, 0)": 1.0,
                "(2, 1)": 1.0,