{
    "rate_vij1_avg": 1.2822,
    "rate_vij2_avg": 0.8409,
    "P2_PF": [
        [
            1.1268,
            1199.0
        ],
        [
            1.1436,
            1005.0
        ],
        [
            1.2487,
            766.0
        ],
        [
            1.3523,
            567.0
        ],
        [
            1.4137,
            446.0
        ],
        [
            1.4623,
            444.0
        ]
    ],
    "P2_time": 0.5296165943145752,
    "P2_solutions": [
        {
            "y": {
                "(0, 0)": 1.0,
                "(0, 1)": 1.0,
                "(0, 3)": 1.0,
                "(0, 8)": 1.0,
                "(0, 12)": 1.0,
                "(1, 2)": 1.0,
                "(1, 9)": 1.0,
                "(1, 10)": 1.0,
                "(1, 13)": 1.0,
                "(1, 14)": 1.0,
                "(2, 4)": 1.0,
                "(2, 5)": 1.0,
                "(2, 6)": 1.0,
                "(2, 7)": 1.0,
                "(2, 11)": 1.0
            },
            "w": {
                "(0, 1)": 1.0,
                "(0, 2)": 1.0,
                "(1, 1)": 1.0,
                "(1, 2)": 1.0,
                "(2, 1)": 1.0,
                "(2, 2)": 1.0,
                "(3, 1)": 1.0,
                "(4, 1)": 1.0,
                "(4, 2)": 1.0,
                "(5, 0)": 1.0,
                "(5, 1)": 1.0,
                "(6, 1)": 1.0,
                "(6, 2)": 1.0,
                "(7, 0)": 1.0,
                "(7, 1)": 1.0,
                "(8, 1)": 1.0,
                "(8, 2)": 1.0,
                "(9, 0)": 1.0,
                "(9, 1)": 1.0,
                "(10, 1)": 1.0,
                "(10, 2)": 1.0,
                "(11, 1)": 1.0,
                "(11, 2)": 1.0,
                "(12, 0)": 1.0,
                "(12, 1)": 1.0,
                "(13, 0)": 1.0,
                "(13, 1)": 1.0,
                "(14, 0)": 1.0,
                "(14, 1)": 1.0
            },
            "t": {
                "(0, 0, 1)": 89.0000045698792,
                "(0, 0, 2)": 23.999995430120805,
                "(0, 1, 1)": 120.0,
                "(0, 3, 1)": 44.0,
                "(0, 8, 1)": 75.0,
                "(0, 12, 0)": 60.0,
                "(0, 12, 1)": 32.0,
                "(1, 2, 1)": 46.0,
                "(1, 9, 1)": 82.0,
                "(1, 10, 1)": 57.000004569879195,
                "(1, 10, 2)": 23.999995430120805,
                "(1, 13, 1)": 130.0,
                "(1, 14, 0)": 22.00000456987918,
                "(1, 14, 1)": 44.99999543012082,
                "(2, 4, 1)": 47.0,
                "(2, 5, 0)": 27.000004569879195,
                "(2, 5, 1)": 54.999995430120805,
                "(2, 6, 1)": 80.0000045698792,
                "(2, 6, 2)": 23.999995430120805,
                "(2, 7, 1)": 121.0,
                "(2, 11, 1)": 57.0
            },
            "z": {
                "(0, 0)": 1.0,
                "(0, 1)": 1.0,
                "(0, 2)": 1.0,
                "(1, 0)": 1.0,
                "(1, 1)": 1.0,
                "(1, 2)": 1.0,
                "(2, 0)": 1.0,
                "(2, 1)": 1.0,
                "(2, 2)": 1.0
            }
        },
        {
            "y": {
                "(0, 8)": 1.0,
                "(0, 12)": 1.0,
                "(1, 2)": 1.0,
                "(2, 0)": 1.0,
                "(2, 1)": 1.0,
                "(2, 3)": 1.0,
                "(2, 4)": 1.0,
                "(2, 5)": 1.0,
                "(2, 6)": 1.0,
                "(2, 7)": 1.0,
                "(2, 9)": 1.0,
                "(2, 10)": 1.0,
                "(2, 11)": 1.0,
                "(2, 13)": 1.0,
                "(2, 14)": 1.0
            },
            "w": {
                "(0, 0)": 1.0,
                "(0, 1)": 1.0,
                "(1, 4)": 1.0,
                "(2, 1)": 1.0,
                "(3, 1)": 1.0,
                "(3, 2)": 1.0,
                "(4, 2)": 1.0,
                "(5, 1)": 1.0,
                "(6, 2)": 1.0,
                "(7, 3)": 1.0,
                "(7, 4)": 1.0,
                "(8, 1)": 1.0,
                "(9, 0)": 1.0,
                "(9, 1)": 1.0,
                "(10, 2)": 1.0,
                "(10, 3)": 1.0,
                "(11, 1)": 1.0,
                "(12, 1)": 1.0,
                "(13, 2)": 1.0,
                "(14, 4)": 1.0
            },
            "t": {
                "(0, 8, 1)": 75.0,
                "(0, 12, 1)": 92.0,
                "(1, 2, 1)": 46.0,
                "(2, 0, 1)": 139.0,
                "(2, 1, 4)": 140.0,
                "(2, 3, 1)": 42.0,
                "(2, 3, 2)": 22.0,
                "(2, 4, 2)": 47.0,
                "(2, 5, 1)": 82.0,
                "(2, 6, 2)": 104.0,
                "(2, 7, 3)": 78.0,
                "(2, 7, 4)": 43.0,
                "(2, 9, 0)": 60.0,
                "(2, 9, 1)": 40.0,
                "(2, 10, 2)": 28.0,
                "(2, 10, 3)": 102.0,
                "(2, 11, 1)": 57.0,
                "(2, 13, 2)": 159.0,
                "(2, 14, 4)": 56.0
            },
            "z": {
                "(0, 0)": 1.0,
                "(0, 1)": 1.0,
                "(1, 0)": 1.0,
                "(1, 1)": 1.0,
                "(2, 0)": 1.0,
                "(2, 1)": 1.0,
                "(2, 2)": 1.0,
                "(2, 3)": 1.0,
                "(2, 4)": 1.0
            }
        },
        {
            "y": {
                "(0, 0)": 1.0,
                "(0, 1)": 1.0,
                "(0, 3)": 1.0,
                "(0, 8)": 1.0,
                "(0, 12)": 1.0,
                "(1, 2)": 1.0,
                "(1, 7)": 1.0,
                "(1, 10)": 1.0,
                "(1, 13)": 1.0,
                "(2, 4)": 1.0,
                "(2, 5)": 1.0,
                "(2, 6)": 1.0,
                "(2, 9)": 1.0,
                "(2, 11)": 1.0,
                "(2, 14)": 1.0
            },
            "w": {
                "(0, 1)": 1.0,
                "(0, 2)": 1.0,
                "(1, 1)": 1.0,
                "(1, 2)": 1.0,
                "(2, 1)": 1.0,
                "(2, 2)": 1.0,
                "(3, 0)": 1.0,
                "(3, 1)": 1.0,
                "(4, 1)": 1.0,
                "(4, 2)": 1.0,
                "(5, 1)": 1.0,
                "(5, 2)": 1.0,
                "(6, 0)": 1.0,
                "(6, 1)": 1.0,
                "(7, 1)": 1.0,
                "(7, 2)": 1.0,
                "(8, 1)": 1.0,
                "(8, 2)": 1.0,
                "(9, 1)": 1.0,
                "(9, 2)": 1.0,
                "(10, 1)": 1.0,
                "(10, 2)": 1.0,
                "(11, 0)": 1.0,
                "(11, 1)": 1.0,
                "(12, 0)": 1.0,
                "(12, 1)": 1.0,
                "(13, 1)": 1.0,
                "(13, 2)": 1.0,
                "(14, 0)": 1.0,
                "(14, 1)": 1.0
            },
            "t": {
                "(0, 0, 1)": 89.0,
                "(0, 0, 2)": 24.0,
                "(0, 1, 1)": 120.0,
                "(0, 3, 1)": 44.0,
                "(0, 8, 1)": 75.0,
                "(0, 12, 0)": 60.0,
                "(0, 12, 1)": 32.0,
                "(1, 2, 1)": 46.0,
                "(1, 7, 1)": 111.0,
                "(1, 10, 1)": 81.0,
                "(1, 13, 1)": 122.0,
                "(1, 13, 2)": 8.0,
                "(2, 4, 1)": 21.0,
                "(2, 4, 2)": 26.0,
                "(2, 5, 1)": 82.0,
                "(2, 6, 0)": 60.0,
                "(2, 6, 1)": 44.0,
                "(2, 9, 1)": 100.0,
                "(2, 11, 1)": 57.0,
                "(2, 14, 1)": 56.0
            },
            "z": {
                "(0, 0)": 1.0,
                "(0, 1)": 1.0,
                "(0, 2)": 1.0,
                "(1, 0)": 1.0,
                "(1, 1)": 1.0,
                "(1, 2)": 1.0,
                "(2, 0)": 1.0,
                "(2, 1)": 1.0,
                "(2, 2)": 1.0
            }
        },
        {
            "y": {
                "(0, 0)": 1.0,