{
    "P2_feasibility_rate1": 1.0,
    "P2_feasibility_rate2": 0.8966999999999851,
    "P2_feasibility_rate3": 0.98275,
    "avg_rate_vij1_1": 3.7017,
    "avg_rate_vij2_1": 2.4614,
    "avg_rate_vij1_2": 2.541,
    "avg_rate_vij2_2": 1.6882,
    "avg_rate_vij1_3": 2.004,
    "avg_rate_vij2_3": 1.3306,
    "time_P2_1": 7.93510627746582,
    "time_P2_2": 9.943034887313843,
    "time_P2_3": 12.46068286895752
}