{
    "0.02_APX": [
        [
            8.14,
            1402.35
        ],
        [
            8.42,
            1341.0
        ],
        [
            8.66,
            1264.0
        ],
        [
            8.91,
            1186.0
        ],
        [
            9.23,
            1136.0
        ],
        [
            9.56,
            1085.0
        ],
        [
            9.96,
            1053.0
        ]
    ],
    "0.02_APX2": [
        [
            8.14,
            1402.35
        ],
        [
            8.26,
            1374.85
        ],
        [
            8.42,
            1341.0
        ],
        [
            8.49,
            1314.71
        ],
        [
            8.66,
            1264.0
        ],
        [
            8.74,
            1239.22
        ],
        [
            8.91,
            1186.0
        ],
        [
            9.05,
            1162.75
        ],
        [
            9.23,
            1136.0
        ],
        [
            9.37,
            1113.73
        ],
        [
            9.56,
            1085.0
        ],
        [
            9.77,
            1063.73
        ],
        [
            9.96,
            1053.0
        ],
        null
    ],
    "0.02_APX_time": 2058.751047849655,
    "0.02_APX_gap": 0.003688327628278479,
    "0.03_APX": [
        [
            8.22,
            1385.22
        ],
        [
            8.65,
            1268.0
        ],
        [
            9.02,
            1168.0
        ],
        [
            9.52,
            1090.0
        ],
        [
            10.1,
            1041.0
        ]
    ],
    "0.03_APX2": [
        [
            8.22,
            1385.22
        ],
        [
            8.4,
            1344.87
        ],
        [
            8.65,
            1268.0
        ],
        [
            8.76,
            1231.07
        ],
        [
            9.02,
            1168.0
        ],
        [
            9.24,
            1133.98
        ],
        [
            9.52,
            1090.0
        ],
        [
            9.83,
            1058.25
        ],
        [
            10.1,
            1041.0
        ]
    ],
    "0.03_APX_time": 913.8756628036499,
    "0.03_APX_gap": 0.002833422035000691
}