{
    "0.02_APX": [
        [
            1405.0,
            5.99
        ],
        [
            1333.0,
            6.21
        ],
        [
            1246.0,
            6.38
        ],
        [
            1171.0,
            6.55
        ],
        [
            1096.0,
            6.75
        ],
        [
            1024.0,
            6.94
        ],
        [
            972.0,
            7.16
        ],
        [
            928.0,
            7.39
        ],
        [
            894.0,
            7.62
        ],
        [
            859.0,
            7.94
        ],
        [
            829.0,
            8.27
        ]
    ],
    "0.02_APX2": [
        [
            1405.0,
            5.99
        ],
        [
            1377.45,
            6.09
        ],
        [
            1333.0,
            6.21
        ],
        [
            1306.86,
            6.26
        ],
        [
            1246.0,
            6.38
        ],
        [
            1221.57,
            6.43
        ],
        [
            1171.0,
            6.55
        ],
        [
            1148.04,
            6.62
        ],
        [
            1096.0,
            6.75
        ],
        [
            1074.51,
            6.81
        ],
        [
            1024.0,
            6.94
        ],
        [
            1003.92,
            7.02
        ],
        [
            972.0,
            7.16
        ],
        [
            952.94,
            7.25
        ],
        [
            928.0,
            7.39
        ],
        [
            909.8,
            7.48
        ],
        [
            894.0,
            7.62
        ],
        [
            876.47,
            7.79
        ],
        [
            859.0,
            7.94
        ],
        [
            842.16,
            8.12
        ],
        [
            829.0,
            8.27
        ]
    ],
    "0.02_APX_time": 862.4323735237122,
    "0.02_APX_gap": 0.001757027348438568,
    "0.03_APX": [
        [
            1389.67,
            6.05
        ],
        [
            1248.0,
            6.37
        ],
        [
            1135.0,
            6.65
        ],
        [
            1027.0,
            6.94
        ],
        [
            952.0,
            7.25
        ],
        [
            894.0,
            7.62
        ],
        [
            844.0,
            8.1
        ]
    ],
    "0.03_APX2": [
        [
            1389.67,
            6.05
        ],
        [
            1349.19,
            6.19
        ],
        [
            1248.0,
            6.37
        ],
        [
            1211.65,
            6.46
        ],
        [
            1135.0,
            6.65
        ],
        [
            1101.94,
            6.74
        ],
        [
            1027.0,
            6.94
        ],
        [
            997.09,
            7.05
        ],
        [
            952.0,
            7.25
        ],
        [
            924.27,
            7.41
        ],
        [
            894.0,
            7.62
        ],
        [
            867.96,
            7.86
        ],
        [
            844.0,
            8.1
        ]
    ],
    "0.03_APX_time": 316.0704200267792,
    "0.03_APX_gap": 0.03795199687284286,
    "EI_0.02_APX": 0.019904309478810278,
    "EI_0.03_APX": 0.000412037935672817
}