{
    "0.02_APX": [
        [
            1402.35,
            8.14
        ],
        [
            1341.0,
            8.42
        ],
        [
            1264.0,
            8.66
        ],
        [
            1186.0,
            8.91
        ],
        [
            1136.0,
            9.23
        ],
        [
            1085.0,
            9.56
        ],
        [
            1053.0,
            9.96
        ]
    ],
    "0.02_APX2": [
        [
            1402.35,
            8.14
        ],
        [
            1374.85,
            8.26
        ],
        [
            1341.0,
            8.42
        ],
        [
            1314.71,
            8.49
        ],
        [
            1264.0,
            8.66
        ],
        [
            1239.22,
            8.74
        ],
        [
            1186.0,
            8.91
        ],
        [
            1162.75,
            9.05
        ],
        [
            1136.0,
            9.23
        ],
        [
            1113.73,
            9.37
        ],
        [
            1085.0,
            9.56
        ],
        [
            1063.73,
            9.77
        ],
        [
            1053.0,
            9.96
        ]
    ],
    "0.02_APX_time": 2058.751047849655,
    "0.02_APX_gap": 0.003688327628278479,
    "0.03_APX": [
        [
            1385.22,
            8.22
        ],
        [
            1268.0,
            8.65
        ],
        [
            1168.0,
            9.02
        ],
        [
            1090.0,
            9.52
        ],
        [
            1041.0,
            10.1
        ]
    ],
    "0.03_APX2": [
        [
            1385.22,
            8.22
        ],
        [
            1344.87,
            8.4
        ],
        [
            1268.0,
            8.65
        ],
        [
            1231.07,
            8.76
        ],
        [
            1168.0,
            9.02
        ],
        [
            1133.98,
            9.24
        ],
        [
            1090.0,
            9.52
        ],
        [
            1058.25,
            9.83
        ],
        [
            1041.0,
            10.1
        ]
    ],
    "0.03_APX_time": 913.8756628036499,
    "0.03_APX_gap": 0.002833422035000691
}