{
    "0.02_APX": [
        [
            5.99,
            1405.0
        ],
        [
            6.21,
            1333.0
        ],
        [
            6.38,
            1246.0
        ],
        [
            6.55,
            1171.0
        ],
        [
            6.75,
            1096.0
        ],
        [
            6.94,
            1024.0
        ],
        [
            7.16,
            972.0
        ],
        [
            7.39,
            928.0
        ],
        [
            7.62,
            894.0
        ],
        [
            7.94,
            859.0
        ],
        [
            8.27,
            829.0
        ]
    ],
    "0.02_APX2": [
        [
            5.99,
            1405.0
        ],
        [
            6.09,
            1377.45
        ],
        [
            6.21,
            1333.0
        ],
        [
            6.26,
            1306.86
        ],
        [
            6.38,
            1246.0
        ],
        [
            6.43,
            1221.57
        ],
        [
            6.55,
            1171.0
        ],
        [
            6.62,
            1148.04
        ],
        [
            6.75,
            1096.0
        ],
        [
            6.81,
            1074.51
        ],
        [
            6.94,
            1024.0
        ],
        [
            7.02,
            1003.92
        ],
        [
            7.16,
            972.0
        ],
        [
            7.25,
            952.94
        ],
        [
            7.39,
            928.0
        ],
        [
            7.48,
            909.8
        ],
        [
            7.62,
            894.0
        ],
        [
            7.79,
            876.47
        ],
        [
            7.94,
            859.0
        ],
        [
            8.12,
            842.16
        ],
        [
            8.27,
            829.0
        ]
    ],
    "0.02_APX_time": 862.4323735237122,
    "0.02_APX_gap": 0.001757027348438568,
    "0.03_APX": [
        [
            6.05,
            1389.67
        ],
        [
            6.37,
            1248.0
        ],
        [
            6.65,
            1135.0
        ],
        [
            6.94,
            1027.0
        ],
        [
            7.25,
            952.0
        ],
        [
            7.62,
            894.0
        ],
        [
            8.1,
            844.0
        ]
    ],
    "0.03_APX2": [
        [
            6.05,
            1389.67
        ],
        [
            6.19,
            1349.19
        ],
        [
            6.37,
            1248.0
        ],
        [
            6.46,
            1211.65
        ],
        [
            6.65,
            1135.0
        ],
        [
            6.74,
            1101.94
        ],
        [
            6.94,
            1027.0
        ],
        [
            7.05,
            997.09
        ],
        [
            7.25,
            952.0
        ],
        [
            7.41,
            924.27
        ],
        [
            7.62,
            894.0
        ],
        [
            7.86,
            867.96
        ],
        [
            8.1,
            844.0
        ]
    ],
    "0.03_APX_time": 316.0704200267792,
    "0.03_APX_gap": 0.03795199687284286,
    "EI_0.02_APX": 0.019904309478810278,
    "EI_0.03_APX": 0.000412037935672817
}