{
    "0.02_APX": [
        [
            1368.1,
            3.01
        ],
        [
            972.0,
            3.08
        ],
        [
            785.0,
            3.15
        ],
        [
            666.0,
            3.22
        ],
        [
            586.0,
            3.29
        ],
        [
            555.0,
            3.39
        ],
        [
            523.0,
            3.46
        ],
        [
            503.0,
            3.62
        ]
    ],
    "0.02_APX2": [
        [
            1368.1,
            3.01
        ],
        [
            1341.27,
            3.02
        ],
        [
            972.0,
            3.08
        ],
        [
            952.94,
            3.09
        ],
        [
            785.0,
            3.15
        ],
        [
            769.61,
            3.16
        ],
        [
            666.0,
            3.22
        ],
        [
            652.94,
            3.23
        ],
        [
            586.0,
            3.29
        ],
        [
            574.51,
            3.33
        ],
        [
            555.0,
            3.39
        ],
        [
            544.12,
            3.41
        ],
        [
            523.0,
            3.46
        ],
        [
            512.75,
            3.55
        ],
        [
            503.0,
            3.62
        ]
    ],
    "0.02_APX_time": 6.753055095672607,
    "0.02_APX_gap": 0.0,
    "0.03_APX": [
        [
            1157.0,
            3.04
        ],
        [
            816.0,
            3.14
        ],
        [
            636.0,
            3.24
        ],
        [
            564.0,
            3.36
        ],
        [
            517.0,
            3.51
        ]
    ],
    "0.03_APX2": [
        [
            1157.0,
            3.04
        ],
        [
            1123.3,
            3.05
        ],
        [
            816.0,
            3.14
        ],
        [
            792.23,
            3.15
        ],
        [
            636.0,
            3.24
        ],
        [
            617.48,
            3.26
        ],
        [
            564.0,
            3.36
        ],
        [
            547.57,
            3.41
        ],
        [
            517.0,
            3.51
        ]
    ],
    "0.03_APX_time": 2.3269526958465576,
    "0.03_APX_gap": 0.0,
    "EI_0.02_APX": 0.02134301516745274,
    "EI_0.03_APX": 0.03152251365749392
}