{
    "0.02_APX": [
        [
            3.01,
            1368.1
        ],
        [
            3.08,
            972.0
        ],
        [
            3.15,
            785.0
        ],
        [
            3.22,
            666.0
        ],
        [
            3.29,
            586.0
        ],
        [
            3.39,
            555.0
        ],
        [
            3.46,
            523.0
        ],
        [
            3.62,
            503.0
        ]
    ],
    "0.02_APX2": [
        [
            3.01,
            1368.1
        ],
        [
            3.02,
            1341.27
        ],
        [
            3.08,
            972.0
        ],
        [
            3.09,
            952.94
        ],
        [
            3.15,
            785.0
        ],
        [
            3.16,
            769.61
        ],
        [
            3.22,
            666.0
        ],
        [
            3.23,
            652.94
        ],
        [
            3.29,
            586.0
        ],
        [
            3.33,
            574.51
        ],
        [
            3.39,
            555.0
        ],
        [
            3.41,
            544.12
        ],
        [
            3.46,
            523.0
        ],
        [
            3.55,
            512.75
        ],
        [
            3.62,
            503.0
        ]
    ],
    "0.02_APX_time": 6.753055095672607,
    "0.02_APX_gap": 0.0,
    "0.03_APX": [
        [
            3.04,
            1157.0
        ],
        [
            3.14,
            816.0
        ],
        [
            3.24,
            636.0
        ],
        [
            3.36,
            564.0
        ],
        [
            3.51,
            517.0
        ]
    ],
    "0.03_APX2": [
        [
            3.04,
            1157.0
        ],
        [
            3.05,
            1123.3
        ],
        [
            3.14,
            816.0
        ],
        [
            3.15,
            792.23
        ],
        [
            3.24,
            636.0
        ],
        [
            3.26,
            617.48
        ],
        [
            3.36,
            564.0
        ],
        [
            3.41,
            547.57
        ],
        [
            3.51,
            517.0
        ]
    ],
    "0.03_APX_time": 2.3269526958465576,
    "0.03_APX_gap": 0.0,
    "EI_0.02_APX": 0.02134301516745274,
    "EI_0.03_APX": 0.03152251365749392
}