{
    "0.02_APX": [
        [
            3.71,
            1354.71
        ],
        [
            3.79,
            699.0
        ],
        [
            3.89,
            610.0
        ],
        [
            4.0,
            553.0
        ],
        [
            4.09,
            497.0
        ],
        [
            4.22,
            473.0
        ]
    ],
    "0.02_APX2": [
        [
            3.71,
            1354.71
        ],
        [
            3.72,
            1328.15
        ],
        [
            3.79,
            699.0
        ],
        [
            3.82,
            685.29
        ],
        [
            3.89,
            610.0
        ],
        [
            3.92,
            598.04
        ],
        [
            4.0,
            553.0
        ],
        [
            4.01,
            542.16
        ],
        [
            4.09,
            497.0
        ],
        [
            4.14,
            487.25
        ],
        [
            4.22,
            473.0
        ]
    ],
    "0.02_APX_time": 5.55995774269104,
    "0.02_APX_gap": 0.0,
    "0.03_APX": [
        [
            3.75,
            873.0
        ],
        [
            3.86,
            643.0
        ],
        [
            4.0,
            554.0
        ],
        [
            4.13,
            494.0
        ],
        [
            4.28,
            467.0
        ]
    ],
    "0.03_APX2": [
        [
            3.75,
            873.0
        ],
        [
            3.75,
            847.57
        ],
        [
            3.86,
            643.0
        ],
        [
            3.88,
            624.27
        ],
        [
            4.0,
            554.0
        ],
        [
            4.01,
            537.86
        ],
        [
            4.13,
            494.0
        ],
        [
            4.16,
            479.61
        ],
        [
            4.28,
            467.0
        ]
    ],
    "0.03_APX_time": 5.59845495223999,
    "0.03_APX_gap": 0.0,
    "EI_0.02_APX": 0.01914677361755901,
    "EI_0.03_APX": 0.030134878993489655
}