{
    "0.02_APX": [
        [
            1354.71,
            3.71
        ],
        [
            699.0,
            3.79
        ],
        [
            610.0,
            3.89
        ],
        [
            553.0,
            4.0
        ],
        [
            497.0,
            4.09
        ],
        [
            473.0,
            4.22
        ]
    ],
    "0.02_APX2": [
        [
            1354.71,
            3.71
        ],
        [
            1328.15,
            3.72
        ],
        [
            699.0,
            3.79
        ],
        [
            685.29,
            3.82
        ],
        [
            610.0,
            3.89
        ],
        [
            598.04,
            3.92
        ],
        [
            553.0,
            4.0
        ],
        [
            542.16,
            4.01
        ],
        [
            497.0,
            4.09
        ],
        [
            487.25,
            4.14
        ],
        [
            473.0,
            4.22
        ]
    ],
    "0.02_APX_time": 5.55995774269104,
    "0.02_APX_gap": 0.0,
    "0.03_APX": [
        [
            873.0,
            3.75
        ],
        [
            643.0,
            3.86
        ],
        [
            554.0,
            4.0
        ],
        [
            494.0,
            4.13
        ],
        [
            467.0,
            4.28
        ]
    ],
    "0.03_APX2": [
        [
            873.0,
            3.75
        ],
        [
            847.57,
            3.75
        ],
        [
            643.0,
            3.86
        ],
        [
            624.27,
            3.88
        ],
        [
            554.0,
            4.0
        ],
        [
            537.86,
            4.01
        ],
        [
            494.0,
            4.13
        ],
        [
            479.61,
            4.16
        ],
        [
            467.0,
            4.28
        ]
    ],
    "0.03_APX_time": 5.59845495223999,
    "0.03_APX_gap": 0.0,
    "EI_0.02_APX": 0.01914677361755901,
    "EI_0.03_APX": 0.030134878993489655
}