{
    "0.02_APX": [
        [
            9.99,
            1390.62
        ],
        [
            10.32,
            1315.0
        ],
        [
            10.58,
            1249.0
        ],
        [
            10.88,
            1180.0
        ],
        [
            11.24,
            1113.0
        ],
        [
            11.58,
            1062.0
        ],
        [
            11.89,
            1021.0
        ]
    ],
    "0.02_APX2": [
        [
            9.99,
            1390.62
        ],
        [
            10.12,
            1363.35
        ],
        [
            10.32,
            1315.0
        ],
        [
            10.38,
            1289.22
        ],
        [
            10.58,
            1249.0
        ],
        [
            10.68,
            1224.51
        ],
        [
            10.88,
            1180.0
        ],
        [
            11.02,
            1156.86
        ],
        [
            11.24,
            1113.0
        ],
        [
            11.35,
            1091.18
        ],
        [
            11.58,
            1062.0
        ],
        [
            11.7,
            1041.18
        ],
        [
            11.89,
            1021.0
        ]
    ],
    "0.02_APX_time": 82.18476915359497,
    "0.02_APX_gap": 0.0,
    "0.03_APX": [
        [
            10.08,
            1370.76
        ],
        [
            10.56,
            1250.0
        ],
        [
            11.06,
            1150.0
        ],
        [
            11.55,
            1062.0
        ],
        [
            11.9,
            1021.0
        ]
    ],
    "0.03_APX2": [
        [
            10.08,
            1370.76
        ],
        [
            10.26,
            1330.83
        ],
        [
            10.56,
            1250.0
        ],
        [
            10.75,
            1213.59
        ],
        [
            11.06,
            1150.0
        ],
        [
            11.23,
            1116.5
        ],
        [
            11.55,
            1062.0
        ],
        [
            11.76,
            1031.07
        ],
        [
            11.9,
            1021.0
        ]
    ],
    "0.03_APX_time": 70.87785148620605,
    "0.03_APX_gap": 0.0,
    "EI_0.02_APX": 0.020647942868235347,
    "EI_0.03_APX": 0.029842969380561746
}