{
    "0.02_APX": [
        [
            1390.62,
            9.99
        ],
        [
            1315.0,
            10.32
        ],
        [
            1249.0,
            10.58
        ],
        [
            1180.0,
            10.88
        ],
        [
            1113.0,
            11.24
        ],
        [
            1062.0,
            11.58
        ],
        [
            1021.0,
            11.89
        ]
    ],
    "0.02_APX2": [
        [
            1390.62,
            9.99
        ],
        [
            1363.35,
            10.12
        ],
        [
            1315.0,
            10.32
        ],
        [
            1289.22,
            10.38
        ],
        [
            1249.0,
            10.58
        ],
        [
            1224.51,
            10.68
        ],
        [
            1180.0,
            10.88
        ],
        [
            1156.86,
            11.02
        ],
        [
            1113.0,
            11.24
        ],
        [
            1091.18,
            11.35
        ],
        [
            1062.0,
            11.58
        ],
        [
            1041.18,
            11.7
        ],
        [
            1021.0,
            11.89
        ]
    ],
    "0.02_APX_time": 82.18476915359497,
    "0.02_APX_gap": 0.0,
    "0.03_APX": [
        [
            1370.76,
            10.08
        ],
        [
            1250.0,
            10.56
        ],
        [
            1150.0,
            11.06
        ],
        [
            1062.0,
            11.55
        ],
        [
            1021.0,
            11.9
        ]
    ],
    "0.03_APX2": [
        [
            1370.76,
            10.08
        ],
        [
            1330.83,
            10.26
        ],
        [
            1250.0,
            10.56
        ],
        [
            1213.59,
            10.75
        ],
        [
            1150.0,
            11.06
        ],
        [
            1116.5,
            11.23
        ],
        [
            1062.0,
            11.55
        ],
        [
            1031.07,
            11.76
        ],
        [
            1021.0,
            11.9
        ]
    ],
    "0.03_APX_time": 70.87785148620605,
    "0.03_APX_gap": 0.0,
    "EI_0.02_APX": 0.020647942868235347,
    "EI_0.03_APX": 0.029842969380561746
}