{
    "P2_feasibility_rate1": 0.99625,
    "P2_feasibility_rate2": 0.949,
    "P2_feasibility_rate3": 0.856,
    "avg_rate_vij1_1": 1.0848,
    "avg_rate_vij2_1": 0.7134,
    "avg_rate_vij1_2": 0.743,
    "avg_rate_vij2_2": 0.4867,
    "avg_rate_vij1_3": 0.586,
    "avg_rate_vij2_3": 0.3826,
    "time_P2_1": 0.1466076374053955,
    "time_P2_2": 0.10272550582885742,
    "time_P2_3": 0.09774446487426758
}