{
    "P2_feasibility_rate1": 0.9974,
    "P2_feasibility_rate2": 0.9694,
    "P2_feasibility_rate3": 0.89325,
    "avg_rate_vij1_1": 1.1848,
    "avg_rate_vij2_1": 0.7869,
    "avg_rate_vij1_2": 0.8138,
    "avg_rate_vij2_2": 0.5374,
    "avg_rate_vij1_3": 0.6432,
    "avg_rate_vij2_3": 0.4211,
    "time_P2_1": 0.2583189010620117,
    "time_P2_2": 0.11868476867675781,
    "time_P2_3": 0.12765860557556152
}