{
    "mu_{i,j}": [
        [
            81,
            71,
            81,
            28,
            29,
            88,
            82,
            43,
            55,
            28,
            72,
            29
        ],
        [
            30,
            66,
            31,
            49,
            48,
            55,
            59,
            20,
            66,
            84,
            74,
            86
        ],
        [
            63,
            72,
            52,
            36,
            64,
            27,
            56,
            87,
            88,
            58,
            79,
            58
        ]
    ],
    "Power Consumptions": [
        0.20908050400567418,
        0.3500983440544008,
        0.4479093810755779
    ]
}