{
    "mu_{i,j}": [
        [
            62,
            65,
            73,
            23,
            79,
            67,
            71,
            82,
            41,
            82,
            76,
            77,
            50,
            83,
            62
        ],
        [
            89,
            76,
            25,
            40,
            89,
            57,
            58,
            60,
            46,
            44,
            43,
            40,
            83,
            71,
            37
        ],
        [
            76,
            77,
            55,
            34,
            26,
            44,
            57,
            66,
            76,
            53,
            71,
            32,
            82,
            87,
            31
        ]
    ],
    "Power Consumptions": [
        0.3681251528085823,
        0.4479093810755779,
        0.17721357054948972
    ]
}