{
    "mu_{i,j}": [
        [
            61,
            83,
            41,
            33,
            80,
            21,
            82,
            30,
            23,
            39,
            38,
            89,
            32,
            80,
            52,
            74,
            24,
            26
        ],
        [
            41,
            47,
            67,
            41,
            64,
            87,
            83,
            24,
            82,
            90,
            36,
            39,
            76,
            90,
            30,
            84,
            75,
            38
        ],
        [
            22,
            39,
            36,
            33,
            33,
            38,
            90,
            29,
            71,
            49,
            36,
            28,
            58,
            33,
            54,
            27,
            85,
            63
        ]
    ],
    "Power Consumptions": [
        0.3681251528085823,
        0.17721357054948972,
        0.41105820827112644
    ]
}