{
    "mu_{i,j}": [
        [
            85,
            44,
            33,
            25,
            85,
            58,
            67,
            64,
            54,
            38,
            33,
            59,
            55,
            70,
            60,
            73,
            40,
            31,
            32,
            22
        ],
        [
            46,
            67,
            87,
            75,
            41,
            87,
            77,
            32,
            87,
            72,
            60,
            66,
            65,
            35,
            83,
            72,
            90,
            64,
            86,
            60
        ],
        [
            42,
            76,
            26,
            39,
            71,
            61,
            68,
            89,
            31,
            37,
            45,
            23,
            77,
            39,
            88,
            77,
            67,
            21,
            72,
            61
        ],
        [
            48,
            30,
            52,
            77,
            27,
            65,
            40,
            69,
            47,
            77,
            61,
            53,
            53,
            40,
            20,
            41,
            69,
            82,
            35,
            43
        ],
        [
            73,
            65,
            85,
            35,
            23,
            78,
            66,
            65,
            49,
            81,
            61,
            49,
            87,
            76,
            43,
            26,
            80,
            59,
            54,
            75
        ]
    ],
    "Power Consumptions": [
        0.17721357054948972,
        0.4479093810755779,
        0.3500983440544008,
        0.20908050400567418,
        0.48177052455694014
    ]
}