{
    "mu_{i,j}": [
        [
            61,
            28,
            70,
            74,
            58,
            28,
            54,
            43,
            47,
            31,
            71,
            26,
            56,
            64,
            23,
            39,
            81,
            76,
            24,
            46,
            57,
            46,
            78,
            45,
            65
        ],
        [
            83,
            87,
            55,
            89,
            41,
            74,
            67,
            86,
            31,
            25,
            55,
            87,
            58,
            38,
            73,
            34,
            42,
            31,
            64,
            33,
            37,
            51,
            52,
            39,
            45
        ],
        [
            49,
            77,
            43,
            27,
            75,
            55,
            89,
            68,
            53,
            38,
            56,
            46,
            83,
            37,
            87,
            70,
            49,
            31,
            53,
            37,
            34,
            29,
            36,
            28,
            21
        ],
        [
            50,
            42,
            82,
            63,
            78,
            72,
            44,
            22,
            42,
            75,
            85,
            88,
            63,
            48,
            38,
            90,
            27,
            60,
            73,
            54,
            59,
            31,
            40,
            88,
            89
        ],
        [
            29,
            58,
            53,
            43,
            43,
            69,
            25,
            20,
            33,
            41,
            87,
            60,
            26,
            32,
            61,
            67,
            57,
            36,
            90,
            81,
            80,
            59,
            69,
            26,
            26
        ]
    ],
    "Power Consumptions": [
        0.3500983440544008,
        0.3681251528085823,
        0.2664304992803124,
        0.15805676287031428,
        0.48177052455694014
    ]
}